{
	"carName": "amr_v8_vantage_gt3",
	"basicSetup":
	{
		"tyres":
		{
			"tyreCompound": 0,
			"tyrePressure": [ 62, 62, 62, 62 ]
		},
		"alignment":
		{
			"camber": [ 2, 2, 5, 5 ],
			"toe": [ 35, 35, 50, 50 ],
			"staticCamber": [ -5.420292854309082, -5.4203038215637207, -3.9815220832824707, -3.9815282821655273 ],
			"toeOutLinear": [ 7.4057817982975394e-05, 7.4041068728547543e-05, 0.00026818423066288233, 0.00026818117476068437 ],
			"casterLF": 3,
			"casterRF": 3,
			"steerRatio": 1
		},
		"electronics":
		{
			"tC1": 5,
			"tC2": 5,
			"abs": 6,
			"eCUMap": 0,
			"fuelMix": 0,
			"telemetryLaps": 99
		},
		"strategy":
		{
			"fuel": 0,
			"nPitStops": 0,
			"tyreSet": 3,
			"frontBrakePadCompound": 1,
			"rearBrakePadCompound": 1,
			"pitStrategy": [
				{
					"fuelToAdd": 0,
					"tyres":
					{
						"tyreCompound": 0,
						"tyrePressure": [ 62, 62, 62, 62 ]
					},
					"tyreSet": 2,
					"frontBrakePadCompound": 1,
					"rearBrakePadCompound": 1
				}
			],
			"fuelPerLap": 3.25
		}
	},
	"advancedSetup":
	{
		"mechanicalBalance":
		{
			"aRBFront": 5,
			"aRBRear": 2,
			"wheelRate": [ 0, 0, 0, 0 ],
			"bumpStopRateUp": [ 5, 5, 4, 4 ],
			"bumpStopRateDn": [ 0, 0, 10, 10 ],
			"bumpStopWindow": [ 7, 7, 55, 55 ],
			"brakeTorque": 20,
			"brakeBias": 34
		},
		"dampers":
		{
			"bumpSlow": [ 22, 22, 12, 12 ],
			"bumpFast": [ 20, 20, 15, 15 ],
			"reboundSlow": [ 22, 22, 20, 20 ],
			"reboundFast": [ 25, 25, 20, 20 ]
		},
		"aeroBalance":
		{
			"rideHeight": [ 10, 6, 0, 18 ],
			"rodLength": [ 72.265106201171875, 72.265106201171875, 52.081520080566406, 52.081520080566406 ],
			"splitter": 0,
			"rearWing": 0,
			"brakeDuct": [ 2, 1 ]
		},
		"drivetrain":
		{
			"preload": 3
		}
	},
	"trackBopType": 25
}